OpcodeNo,OpcodeName
0,nop
1,move
2,move/from16
3,move/16
4,move-wide
5,move-wide/from16
6,move-wide/16
7,move-object
8,move-object/from16
9,move-object/16
0A,move-result
0B,move-result-wide
0C,move-result-object
0D,move-exception
0E,return-void
0F,return
10,return-wide
11,return-object
12,const/4
13,const/16
14,const
15,const/high16
16,const-wide/16
17,const-wide/32
18,const-wide
19,const-wide/high16
1A,const-string
1B,const-string-jumbo
1C,const-class
1D,monitor-enter
1E,monitor-exit
1F,check-cast
20,instance-of
21,array-length
22,new-instance
23,new-array
24,filled-new-array
25,filled-new-array-range
26,fill-array-data
27,throw
28,goto
29,goto/16
2A,goto/32
2B,packed-switch
2C,sparse-switch
2D,cmpl-float
2E,cmpg-float
2F,cmpl-double
30,cmpg-double
31,cmp-long
32,if-eq
33,if-ne
34,if-lt
35,if-ge
36,if-gt
37,if-le
38,if-eqz
39,if-nez
3A,if-ltz
3B,if-gez
3C,if-gtz
3D,if-lez
3E,unused_3E
3F,unused_3F
40,unused_40
41,unused_41
42,unused_42
43,unused_43
44,aget
45,aget-wide
46,aget-object
47,aget-boolean
48,aget-byte
49,aget-char
4A,aget-short
4B,aput
4C,aput-wide
4D,aput-object
4E,aput-boolean
4F,aput-byte
50,aput-char
51,aput-short
52,iget
53,iget-wide
54,iget-object
55,iget-boolean
56,iget-byte
57,iget-char
58,iget-short
59,iput
5A,iput-wide
5B,iput-object
5C,iput-boolean
5D,iput-byte
5E,iput-char
5F,iput-short
60,sget
61,sget-wide
62,sget-object
63,sget-boolean
64,sget-byte
65,sget-char
66,sget-short
67,sput
68,sput-wide
69,sput-object
6A,sput-boolean
6B,sput-byte
6C,sput-char
6D,sput-short
6E,invoke-virtual
6F,invoke-super
70,invoke-direct
71,invoke-static
72,invoke-interface
73,unused_73
74,invoke-virtual/range
75,invoke-super/range
76,invoke-direct/range
77,invoke-static/range
78,invoke-interface-range
79,unused_79
7A,unused_7A
7B,neg-int
7C,not-int
7D,neg-long
7E,not-long
7F,neg-float
80,neg-double
81,int-to-long
82,int-to-float
83,int-to-double
84,long-to-int
85,long-to-float
86,long-to-double
87,float-to-int
88,float-to-long
89,float-to-double
8A,double-to-int
8B,double-to-long
8C,double-to-float
8D,int-to-byte
8E,int-to-char
8F,int-to-short
90,add-int
91,sub-int
92,mul-int
93,div-int
94,rem-int
95,and-int
96,or-int
97,xor-int
98,shl-int
99,shr-int
9A,ushr-int
9B,add-long
9C,sub-long
9D,mul-long
9E,div-long
9F,rem-long
A0,and-long
A1,or-long
A2,xor-long
A3,shl-long
A4,shr-long
A5,ushr-long
A6,add-float
A7,sub-float
A8,mul-float
A9,div-float
AA,rem-float
AB,add-double
AC,sub-double
AD,mul-double
AE,div-double
AF,rem-double
B0,add-int/2addr
B1,sub-int/2addr
B2,mul-int/2addr
B3,div-int/2addr
B4,rem-int/2addr
B5,and-int/2addr
B6,or-int/2addr
B7,xor-int/2addr
B8,shl-int/2addr
B9,shr-int/2addr
BA,ushr-int/2addr
BB,add-long/2addr
BC,sub-long/2addr
BD,mul-long/2addr
BE,div-long/2addr
BF,rem-long/2addr
C0,and-long/2addr
C1,or-long/2addr
C2,xor-long/2addr
C3,shl-long/2addr
C4,shr-long/2addr
C5,ushr-long/2addr
C6,add-float/2addr
C7,sub-float/2addr
C8,mul-float/2addr
C9,div-float/2addr
CA,rem-float/2addr
CB,add-double/2addr
CC,sub-double/2addr
CD,mul-double/2addr
CE,div-double/2addr
CF,rem-double/2addr
D0,add-int/lit16
D1,sub-int/lit16
D2,mul-int/lit16
D3,div-int/lit16
D4,rem-int/lit16
D5,and-int/lit16
D6,or-int/lit16
D7,xor-int/lit16
D8,add-int/lit8
D9,sub-int/lit8
DA,mul-int/lit8
DB,div-int/lit8
DC,rem-int/lit8
DD,and-int/lit8
DE,or-int/lit8
DF,xor-int/lit8
E0,shl-int/lit8
E1,shr-int/lit8
E2,ushr-int/lit8
E3,unused_E3
E4,unused_E4
E5,unused_E5
E6,unused_E6
E7,unused_E7
E8,unused_E8
E9,unused_E9
EA,unused_EA
EB,unused_EB
EC,unused_EC
ED,unused_ED
EE,execute-inline
EF,unused_EF
F0,invoke-direct-empty
F1,unused_F1
F2,iget-quick
F3,iget-wide-quick
F4,iget-object-quick
F5,iput-quick
F6,iput-wide-quick
F7,iput-object-quick
F8,invoke-virtual-quick
F9,invoke-virtual-quick/range
FA,invoke-super-quick
FB,invoke-super-quick/range
FC,unused_FC
FD,unused_FD
FE,unused_FE
FF,unused_FF
